ds_name,method,conv_frac_median,conv_frac_p95,error_at_conv_median,estimated_prec,n_edges,true_precision,conv_n_edges_median
BF-C2DL-HSC_01,random,0.06992966678196702,0.17021215265767317,-0.0006177722717103928,0.9983445245114095,8673,0.99896229678312,606
BF-C2DL-HSC_01,trajectory,0.20327453015104346,0.2912487028709789,0.0004704882424048096,0.9994327850255248,8673,0.99896229678312,1763
BF-C2DL-HSC_02,random,0.008100900789159522,0.03267725081009005,-0.0006154091509642523,0.9980822450762331,64499,0.9986976542271974,522
BF-C2DL-HSC_02,trajectory,0.027248484472627482,0.051888401370563886,0.0007323037437578228,0.9994299579709551,64499,0.9986976542271974,1758
BF-C2DL-MuSC_01,random,0.17103307320698624,0.38323114083983645,-0.004952938762153636,0.9701492537313432,5382,0.9751021924934968,920
BF-C2DL-MuSC_01,trajectory,0.8230211817168338,0.9458658491267187,0.004818233333379995,0.9799204258268768,5382,0.9751021924934968,4429
BF-C2DL-MuSC_02,random,0.0792835323521244,0.22577061927242417,-0.004946430659614587,0.9792246329338317,7202,0.9841710635934463,571
BF-C2DL-MuSC_02,trajectory,0.49666759233546237,0.6690849763954457,-0.004995890053225871,0.9791751735402204,7202,0.9841710635934463,3577
DIC-C2DH-HeLa_01,random,0.23973880597014927,0.6261194029850741,-0.00259330744255698,0.9946081850947563,1072,0.9972014925373134,257
DIC-C2DH-HeLa_01,trajectory,0.2719216417910448,0.6407182835820893,-0.0006356717508096965,0.9965658207865037,1072,0.9972014925373134,292
DIC-C2DH-HeLa_02,random,0.20588235294117646,0.43902310924369736,-0.002417688386830208,0.9923302107728337,952,0.9947478991596639,196
DIC-C2DH-HeLa_02,trajectory,0.3077731092436975,0.5126050420168067,-0.0004950255964454309,0.9942528735632185,952,0.9947478991596639,293
Fluo-C3DH-H157_02,random,0.5971223021582733,0.9359712230215828,-0.004853948166767874,0.9879518072289156,139,0.9928057553956835,83
Fluo-C3DH-H157_02,trajectory,0.6654676258992805,0.9359712230215828,-0.0036422127527593884,0.9891635426429242,139,0.9928057553956835,92
Fluo-C3DL-MDA231_01,random,0.49050632911392406,0.6495253164556961,-0.004443502779296948,0.9892273832966524,316,0.9936708860759493,155
Fluo-C3DL-MDA231_01,trajectory,0.560126582278481,0.7248417721518986,-0.004938581118163532,0.9887323049577859,316,0.9936708860759493,177
Fluo-C3DL-MDA231_02,random,0.3942857142857143,0.7254285714285713,-0.0003243754246718411,0.9882470531467566,525,0.9885714285714285,207
Fluo-C3DL-MDA231_02,trajectory,0.6971428571428572,0.9047619047619048,-0.004964871194379383,0.9836065573770492,525,0.9885714285714285,366
Fluo-N2DH-GOWT1_01,random,0.23238048299655004,0.575579103006407,-0.000643821602553718,0.9978776175300239,2029,0.9985214391325776,472
Fluo-N2DH-GOWT1_01,trajectory,0.17077378018728437,0.5344011828486939,-0.0014219430585122872,0.9970994960740653,2029,0.9985214391325776,346
Fluo-N2DH-GOWT1_02,random,0.13779353123615418,0.4509304386353565,-0.004931783111545851,0.986206896551724,2257,0.9911386796632699,311
Fluo-N2DH-GOWT1_02,trajectory,0.370181657066903,0.6778688524590161,-0.00497951011309683,0.986159169550173,2257,0.9911386796632699,836
Fluo-N2DH-SIM+_01,random,0.11663405088062623,0.3062230919765166,-0.004937063005831577,0.9899748743718593,2555,0.9949119373776908,298
Fluo-N2DH-SIM+_01,trajectory,0.11663405088062623,0.3357729941291582,-0.0037287312708205733,0.9911832061068702,2555,0.9949119373776908,298
Fluo-N2DH-SIM+_02,random,0.2810615199034982,0.5464867310012061,0.000133133339792757,0.9989268607221813,3316,0.9987937273823885,932
Fluo-N2DH-SIM+_02,trajectory,0.2798552472858866,0.5201447527141133,0.00012269592712094157,0.9989164233095094,3316,0.9987937273823885,928
Fluo-N2DL-HeLa_01,random,0.034830538290137214,0.17563621437785842,-0.0019839691470980303,0.9894549894549896,8527,0.9914389586020875,297
Fluo-N2DL-HeLa_01,trajectory,0.13996716312888474,0.3477483288378092,0.002069347045753067,0.9935083056478407,8527,0.9914389586020875,1194
Fluo-N2DL-HeLa_02,random,0.010719968178202068,0.0475,-0.004862768496419978,0.9875,25140,0.99236276849642,270
Fluo-N2DL-HeLa_02,trajectory,0.016686555290373904,0.07477326968973742,-0.004967810513226811,0.9873949579831932,25140,0.99236276849642,419
Fluo-N3DH-CE_01,random,0.02009013182832835,0.048287916438529206,0.001404604587310454,0.9917175389258523,23743,0.9903129343385418,477
Fluo-N3DH-CE_01,trajectory,0.033146611632902334,0.1006759887124626,0.0034468008639503833,0.9937597352024923,23743,0.9903129343385418,787
Fluo-N3DH-CE_02,random,0.022421726969232156,0.10618289271857784,-0.0004747860378592761,0.9875699671878015,22166,0.9880447532256609,497
Fluo-N3DH-CE_02,trajectory,0.05039249300730849,0.2281985924388703,0.003430359896511137,0.991475113122172,22166,0.9880447532256609,1117
PhC-C2DH-U373_02,random,0.4183823529411764,0.7009558823529412,-0.004929831464358436,0.9833054626532887,680,0.9882352941176471,284
PhC-C2DH-U373_02,trajectory,0.7029411764705882,0.9691176470588235,-0.004971695791287312,0.9832635983263598,680,0.9882352941176471,478
PhC-C2DL-PSC_01,random,0.007034014180798128,0.048667202323057185,0.0025921560638896834,0.9862264437113715,70941,0.9836342876474817,499
PhC-C2DL-PSC_01,trajectory,0.16175413371675054,0.44874261710435426,0.004519833698127862,0.9881541213456095,70941,0.9836342876474817,11475
PhC-C2DL-PSC_02,random,0.005439005439005439,0.015587695133149674,-0.00494077855066366,0.9902912621359224,56628,0.9952320406865861,308
PhC-C2DL-PSC_02,trajectory,0.005165289256198347,0.01792664406300769,0.0010777214224324538,0.9963097621090186,56628,0.9952320406865861,292
